road_id,geometry_class,road_type,road_name_class,full_road_name,road_name_label,road_name_prefix,road_name_body,road_name_type,road_name_suffix,route_name_body,route_name_number,route_name_alpha,route_name_suffix,full_road_name_ascii,road_name_label_ascii,road_name_body_ascii
1795632,Addressing Road,Unknown,Road,Beach Road,Beach Rd,,Beach,Road,,,,,,Beach Road,Beach Rd,Beach
1840000,Addressing Road,Unknown,Road,Vintners Lane,Vintners Lane,,Vintners,Lane,,,,,,Vintners Lane,Vintners Lane,Vintners
1795623,Addressing Road,Unknown,Road,Tora Farm Settlement Road,Tora Farm Settlement Rd,,Tora Farm Settlement,Road,,,,,,Tora Farm Settlement Road,Tora Farm Settlement Rd,Tora Farm Settlement
1792097,Addressing Road,Unknown,Road,Bethune Street,Bethune St,,Bethune,Street,,,,,,Bethune Street,Bethune St,Bethune
1795560,Addressing Road,Unknown,Road,Ben Avon Grove,Ben Avon Grv,,Ben Avon,Grove,,,,,,Ben Avon Grove,Ben Avon Grv,Ben Avon
1795565,Addressing Road,Unknown,Road,Hemi Street,Hemi St,,Hemi,Street,,,,,,Hemi Street,Hemi St,Hemi
1841604,Addressing Road,Unknown,Road,Te Whaiti Lane,Te Whaiti Lane,,Te Whaiti,Lane,,,,,,Te Whaiti Lane,Te Whaiti Lane,Te Whaiti
3013127,Addressing Road,Unknown,Road,White Rock Road,White Rock Rd,,White Rock,Road,,,,,,White Rock Road,White Rock Rd,White Rock
1795504,Addressing Road,Unknown,Road,Wards Line,Wards Line,,Wards,Line,,,,,,Wards Line,Wards Line,Wards
1795498,Addressing Road,Unknown,Road,Weld Street,Weld St,,Weld,Street,,,,,,Weld Street,Weld St,Weld
3054528,Addressing Road,Unknown,Road,Kitchener Street,Kitchener St,,Kitchener,Street,,,,,,Kitchener Street,Kitchener St,Kitchener
1793323,Addressing Road,Unknown,Road,Birdwood Street,Birdwood St,,Birdwood,Street,,,,,,Birdwood Street,Birdwood St,Birdwood
1840617,Addressing Road,Unknown,Road,Orchard Road,Orchard Rd,,Orchard,Road,,,,,,Orchard Road,Orchard Rd,Orchard
1793428,Addressing Road,Unknown,Road,Harrison Street West,Harrison St W,,Harrison,Street,West,,,,,Harrison Street West,Harrison St W,Harrison
1793478,Addressing Road,Unknown,Road,Jellicoe Street,Jellicoe St,,Jellicoe,Street,,,,,,Jellicoe Street,Jellicoe St,Jellicoe
1801445,Addressing Road,Unknown,Road,Oxford Street,Oxford St,,Oxford,Street,,,,,,Oxford Street,Oxford St,Oxford
1795503,Addressing Road,Unknown,Road,Wallace Street,Wallace St,,Wallace,Street,,,,,,Wallace Street,Wallace St,Wallace
1795564,Addressing Road,Unknown,Road,Hill Street,Hill St,,Hill,Street,,,,,,Hill Street,Hill St,Hill
1795629,Addressing Road,Unknown,Road,Mein Street,Mein St,,Mein,Street,,,,,,Mein Street,Mein St,Mein
1795618,Addressing Road,Unknown,Road,Claude Street,Claude St,,Claude,Street,,,,,,Claude Street,Claude St,Claude
1844135,Addressing Road,Unknown,Road,Tuscan Lane,Tuscan Lane,,Tuscan,Lane,,,,,,Tuscan Lane,Tuscan Lane,Tuscan
1795588,Addressing Road,Unknown,Road,Pharazyns Road,Pharazyns Rd,,Pharazyns,Road,,,,,,Pharazyns Road,Pharazyns Rd,Pharazyns
1795483,Addressing Road,Unknown,Road,Waite Street,Waite St,,Waite,Street,,,,,,Waite Street,Waite St,Waite
3073674,Addressing Road,Unknown,Road Designation,State Highway 53,SH 53,,,,,State Highway,53,,,State Highway 53,SH 53,
1795462,Addressing Road,Unknown,Road,Hart Street,Hart St,,Hart,Street,,,,,,Hart Street,Hart St,Hart
1795481,Addressing Road,Unknown,Road,Skipage Grove,Skipage Grv,,Skipage,Grove,,,,,,Skipage Grove,Skipage Grv,Skipage
1795678,Addressing Road,Unknown,Road,Suez Street,Suez St,,Suez,Street,,,,,,Suez Street,Suez St,Suez
1840944,Addressing Road,Unknown,Road,Sam Meads Way,Sam Meads Way,,Sam Meads,Way,,,,,,Sam Meads Way,Sam Meads Way,Sam Meads
3004074,Addressing Road,Unknown,Road,Camp Road,Camp Rd,,Camp,Road,,,,,,Camp Road,Camp Rd,Camp
3038733,Addressing Road,Unknown,Road,Viles Road,Viles Rd,,Viles,Road,,,,,,Viles Road,Viles Rd,Viles
1839984,Addressing Road,Unknown,Road,North Soldiers Settlement Road,North Soldiers Settlement Rd,,North Soldiers Settlement,Road,,,,,,North Soldiers Settlement Road,North Soldiers Settlement Rd,North Soldiers Settlement
1859667,Addressing Road,Unknown,Road,Prendiville Lane,Prendiville Lane,,Prendiville,Lane,,,,,,Prendiville Lane,Prendiville Lane,Prendiville
3000452,Addressing Road,Unknown,Road,Donalds Road,Donalds Rd,,Donalds,Road,,,,,,Donalds Road,Donalds Rd,Donalds
3026746,Addressing Road,Unknown,Road,Pigeon Bush Road,Pigeon Bush Rd,,Pigeon Bush,Road,,,,,,Pigeon Bush Road,Pigeon Bush Rd,Pigeon Bush
3020227,Addressing Road,Unknown,Road,Bucks Road,Bucks Rd,,Bucks,Road,,,,,,Bucks Road,Bucks Rd,Bucks
3030908,Addressing Road,Unknown,Road,Rotomanu Rise,Rotomanu Rise,,Rotomanu,Rise,,,,,,Rotomanu Rise,Rotomanu Rise,Rotomanu
3050354,Addressing Road,Unknown,Road,Longwood East Road,Longwood East Rd,,Longwood East,Road,,,,,,Longwood East Road,Longwood East Rd,Longwood East
1800320,Addressing Road,Unknown,Road,Huangarua Road,Huangarua Rd,,Huangarua,Road,,,,,,Huangarua Road,Huangarua Rd,Huangarua
1800676,Addressing Road,Unknown,Road,Hikunui Road,Hikunui Rd,,Hikunui,Road,,,,,,Hikunui Road,Hikunui Rd,Hikunui
1801416,Addressing Road,Unknown,Road,Hodders Road,Hodders Rd,,Hodders,Road,,,,,,Hodders Road,Hodders Rd,Hodders
3050205,Addressing Road,Unknown,Road,Tauherenikau Road,Tauherenikau Rd,,Tauherenikau,Road,,,,,,Tauherenikau Road,Tauherenikau Rd,Tauherenikau
1791839,Addressing Road,Unknown,Road,Oak View Place,Oak View Pl,,Oak View,Place,,,,,,Oak View Place,Oak View Pl,Oak View
1793346,Addressing Road,Unknown,Road,Brown Street,Brown St,,Brown,Street,,,,,,Brown Street,Brown St,Brown
1795591,Addressing Road,Unknown,Road,Greens Road,Greens Rd,,Greens,Road,,,,,,Greens Road,Greens Rd,Greens
1795486,Addressing Road,Unknown,Road,Kereru Grove,Kereru Grv,,Kereru,Grove,,,,,,Kereru Grove,Kereru Grv,Kereru
3049722,Addressing Road,Unknown,Road,Cross Line,Cross Line,,Cross,Line,,,,,,Cross Line,Cross Line,Cross
3063900,Addressing Road,Unknown,Road,Governors Green Drive,Governors Green Dr,,Governors Green,Drive,,,,,,Governors Green Drive,Governors Green Dr,Governors Green
3074713,Addressing Road,Accessway,,,,,,,,,,,,,,
1795466,Addressing Road,Unknown,Road,Tait Crescent,Tait Cres,,Tait,Crescent,,,,,,Tait Crescent,Tait Cres,Tait
1795475,Addressing Road,Unknown,Road,Bell Street,Bell St,,Bell,Street,,,,,,Bell Street,Bell St,Bell
1795477,Addressing Road,Unknown,Road,Kowhai Grove,Kowhai Grv,,Kowhai,Grove,,,,,,Kowhai Grove,Kowhai Grv,Kowhai
1795664,Addressing Road,Unknown,Road,Sackville Street,Sackville St,,Sackville,Street,,,,,,Sackville Street,Sackville St,Sackville
1800668,Addressing Road,Unknown,Road,Longwood West Road,Longwood West Rd,,Longwood West,Road,,,,,,Longwood West Road,Longwood West Rd,Longwood West
1800673,Addressing Road,Unknown,Road,Oystershell Road,Oystershell Rd,,Oystershell,Road,,,,,,Oystershell Road,Oystershell Rd,Oystershell
1800677,Addressing Road,Unknown,Road,Tauherenikau Valley Road,Tauherenikau Valley Rd,,Tauherenikau Valley,Road,,,,,,Tauherenikau Valley Road,Tauherenikau Valley Rd,Tauherenikau Valley
1795497,Addressing Road,Unknown,Road,Wakefield Street,Wakefield St,,Wakefield,Street,,,,,,Wakefield Street,Wakefield St,Wakefield
1795579,Addressing Road,Unknown,Road,Tauherenikau Racecourse Road,Tauherenikau Racecourse Rd,,Tauherenikau Racecourse,Road,,,,,,Tauherenikau Racecourse Road,Tauherenikau Racecourse Rd,Tauherenikau Racecourse
1795590,Addressing Road,Unknown,Road,McIvors Road,McIvors Rd,,McIvors,Road,,,,,,McIvors Road,McIvors Rd,McIvors
1795593,Addressing Road,Unknown,Road,Smith Street,Smith St,,Smith,Street,,,,,,Smith Street,Smith St,Smith
1795594,Addressing Road,Unknown,Road,South Soldiers Settlement Road,South Soldiers Settlement Rd,,South Soldiers Settlement,Road,,,,,,South Soldiers Settlement Road,South Soldiers Settlement Rd,South Soldiers Settlement
3077558,Addressing Road,Unknown,Road,Hewson Lane,Hewson Lane,,Hewson,Lane,,,,,,Hewson Lane,Hewson Lane,Hewson
1785469,Addressing Road,Unknown,Road,Southdown Drive,Southdown Dr,,Southdown,Drive,,,,,,Southdown Drive,Southdown Dr,Southdown
1795484,Addressing Road,Unknown,Road,William Benton Street,William Benton St,,William Benton,Street,,,,,,William Benton Street,William Benton St,William Benton
1839461,Addressing Road,Unknown,Road,Monty's Lane,Monty's Lane,,Monty's,Lane,,,,,,Monty's Lane,Monty's Lane,Monty's
1841023,Addressing Road,Unknown,Road,Market Road,Market Rd,,Market,Road,,,,,,Market Road,Market Rd,Market
1837748,Addressing Road,Unknown,Road,Omarere Road,Omarere Rd,,Omarere,Road,,,,,,Omarere Road,Omarere Rd,Omarere
1838596,Addressing Road,Unknown,Road,Awhina Drive,Awhina Dr,,Awhina,Drive,,,,,,Awhina Drive,Awhina Dr,Awhina
1839421,Addressing Road,Unknown,Road,Redwood Lane,Redwood Lane,,Redwood,Lane,,,,,,Redwood Lane,Redwood Lane,Redwood
1839423,Addressing Road,Unknown,Road,Maple Lane,Maple Lane,,Maple,Lane,,,,,,Maple Lane,Maple Lane,Maple
1839424,Addressing Road,Unknown,Road,Olive Way,Olive Way,,Olive,Way,,,,,,Olive Way,Olive Way,Olive
1839446,Addressing Road,Unknown,Road,Kanuka Way,Kanuka Way,,Kanuka,Way,,,,,,Kanuka Way,Kanuka Way,Kanuka
1840053,Addressing Road,Unknown,Road,Eagle Place,Eagle Pl,,Eagle,Place,,,,,,Eagle Place,Eagle Pl,Eagle
1840796,Addressing Road,Unknown,Road,Colonel Place,Colonel Pl,,Colonel,Place,,,,,,Colonel Place,Colonel Pl,Colonel
1842358,Addressing Road,Unknown,Road,Spencer Lane,Spencer Lane,,Spencer,Lane,,,,,,Spencer Lane,Spencer Lane,Spencer
1844657,Addressing Road,Unknown,Road,Waka Lane,Waka Lane,,Waka,Lane,,,,,,Waka Lane,Waka Lane,Waka
1859666,Addressing Road,Unknown,Road,Garrity Lane,Garrity Lane,,Garrity,Lane,,,,,,Garrity Lane,Garrity Lane,Garrity
3010016,Addressing Road,Unknown,Road,State Highway 53,SH 53,,State Highway 53,,,,,,,State Highway 53,SH 53,State Highway 53
3018772,Addressing Road,Unknown,Road,Ludlam Street,Ludlam St,,Ludlam,Street,,,,,,Ludlam Street,Ludlam St,Ludlam
3026577,Addressing Road,Unknown,Road,Johns Way,Johns Way,,Johns,Way,,,,,,Johns Way,Johns Way,Johns
3030684,Addressing Road,Unknown,Road,Clifton Grove Road,Clifton Grove Rd,,Clifton Grove,Road,,,,,,Clifton Grove Road,Clifton Grove Rd,Clifton Grove
3060031,Addressing Road,Unknown,Road,Te Maire Road,Te Maire Rd,,Te Maire,Road,,,,,,Te Maire Road,Te Maire Rd,Te Maire
3037164,Addressing Road,Unknown,Road,Moroa Road,Moroa Rd,,Moroa,Road,,,,,,Moroa Road,Moroa Rd,Moroa
1793950,Addressing Road,Unknown,Road,Lyon Street,Lyon St,,Lyon,Street,,,,,,Lyon Street,Lyon St,Lyon
1795657,Addressing Road,Unknown,Road,Kempton Street,Kempton St,,Kempton,Street,,,,,,Kempton Street,Kempton St,Kempton
1795452,Addressing Road,Unknown,Road,Titoki Grove,Titoki Grv,,Titoki,Grove,,,,,,Titoki Grove,Titoki Grv,Titoki
1795455,Addressing Road,Unknown,Road,Woodward Street East,Woodward St E,,Woodward,Street,East,,,,,Woodward Street East,Woodward St E,Woodward
1795658,Addressing Road,Unknown,Road,Yule Grove,Yule Grv,,Yule,Grove,,,,,,Yule Grove,Yule Grv,Yule
1795517,Addressing Road,Unknown,Road,Whakarua Road,Whakarua Rd,,Whakarua,Road,,,,,,Whakarua Road,Whakarua Rd,Whakarua
1795527,Addressing Road,Unknown,Road,Shooting Butts Road,Shooting Butts Rd,,Shooting Butts,Road,,,,,,Shooting Butts Road,Shooting Butts Rd,Shooting Butts
1795513,Addressing Road,Unknown,Road,Wilkie Street,Wilkie St,,Wilkie,Street,,,,,,Wilkie Street,Wilkie St,Wilkie
1795659,Addressing Road,Unknown,Road,Loasby Place,Loasby Pl,,Loasby,Place,,,,,,Loasby Place,Loasby Pl,Loasby
1795567,Addressing Road,Unknown,Road,Hecklers Road,Hecklers Rd,,Hecklers,Road,,,,,,Hecklers Road,Hecklers Rd,Hecklers
1795605,Addressing Road,Unknown,Road,Pukio West Road,Pukio West Rd,,Pukio West,Road,,,,,,Pukio West Road,Pukio West Rd,Pukio West
1795626,Addressing Road,Unknown,Road,No 1 Line,No 1 Line,,No 1,Line,,,,,,No 1 Line,No 1 Line,No 1
1795655,Addressing Road,Unknown,Road,Mole Street,Mole St,,Mole,Street,,,,,,Mole Street,Mole St,Mole
1795667,Addressing Road,Unknown,Road,Ohio Street,Ohio St,,Ohio,Street,,,,,,Ohio Street,Ohio St,Ohio
1795683,Addressing Road,Unknown,Road,Malcolm Street,Malcolm St,,Malcolm,Street,,,,,,Malcolm Street,Malcolm St,Malcolm
3078957,Addressing Road,Unknown,Road,Romina Way,Romina Way,,Romina,Way,,,,,,Romina Way,Romina Way,Romina
1795467,Addressing Road,Unknown,Road,Crawford Street,Crawford St,,Crawford,Street,,,,,,Crawford Street,Crawford St,Crawford
1795460,Addressing Road,Unknown,Road,Clifford Square,Clifford Sq,,Clifford,Square,,,,,,Clifford Square,Clifford Sq,Clifford
1795630,Addressing Road,Unknown,Road,Battersea Road,Battersea Rd,,Battersea,Road,,,,,,Battersea Road,Battersea Rd,Battersea
1795686,Addressing Road,Unknown,Road,Greenaway Place,Greenaway Pl,,Greenaway,Place,,,,,,Greenaway Place,Greenaway Pl,Greenaway
1800319,Addressing Road,Unknown,Road,Hickson Street,Hickson St,,Hickson,Street,,,,,,Hickson Street,Hickson St,Hickson
3009387,Addressing Road,Unknown,Road,Fitzherbert Street,Fitzherbert St,,Fitzherbert,Street,,,,,,Fitzherbert Street,Fitzherbert St,Fitzherbert
3078951,Addressing Road,Unknown,Road,Top Stone Lane,Top Stone Lane,,Top Stone,Lane,,,,,,Top Stone Lane,Top Stone Lane,Top Stone
1795607,Addressing Road,Unknown,Road,Raho Ruru Road,Raho Ruru Rd,,Raho Ruru,Road,,,,,,Raho Ruru Road,Raho Ruru Rd,Raho Ruru
3083307,Addressing Road,Unknown,Road,Goodnight Lane,Goodnight Lane,,Goodnight,Lane,,,,,,Goodnight Lane,Goodnight Lane,Goodnight
1795493,Addressing Road,Unknown,Road,Card Crescent,Card Cres,,Card,Crescent,,,,,,Card Crescent,Card Cres,Card
1795532,Addressing Road,Unknown,Road,Pahautea Road,Pahautea Rd,,Pahautea,Road,,,,,,Pahautea Road,Pahautea Rd,Pahautea
3069918,Addressing Road,Unknown,Road,Cross Creek Road,Cross Creek Rd,,Cross Creek,Road,,,,,,Cross Creek Road,Cross Creek Rd,Cross Creek
1795599,Addressing Road,Unknown,Road,Glenmorven Road,Glenmorven Rd,,Glenmorven,Road,,,,,,Glenmorven Road,Glenmorven Rd,Glenmorven
3002124,Addressing Road,Unknown,Road,Te Awaiti Road,Te Awaiti Rd,,Te Awaiti,Road,,,,,,Te Awaiti Road,Te Awaiti Rd,Te Awaiti
3007890,Addressing Road,Unknown,Road,Taylor Road,Taylor Rd,,Taylor,Road,,,,,,Taylor Road,Taylor Rd,Taylor
3067569,Addressing Road,Unknown,Road,Blue Rock Road,Blue Rock Rd,,Blue Rock,Road,,,,,,Blue Rock Road,Blue Rock Rd,Blue Rock
1795506,Addressing Road,Unknown,Road,Kaiwaka Road,Kaiwaka Rd,,Kaiwaka,Road,,,,,,Kaiwaka Road,Kaiwaka Rd,Kaiwaka
1795574,Addressing Road,Unknown,Road,Ngapotiki Road,Ngapotiki Rd,,Ngapotiki,Road,,,,,,Ngapotiki Road,Ngapotiki Rd,Ngapotiki
1795601,Addressing Road,Unknown,Road,Manakau Road,Manakau Rd,,Manakau,Road,,,,,,Manakau Road,Manakau Rd,Manakau
1795516,Addressing Road,Unknown,Road,Wharekauhau Road,Wharekauhau Rd,,Wharekauhau,Road,,,,,,Wharekauhau Road,Wharekauhau Rd,Wharekauhau
1795523,Addressing Road,Unknown,Road,Seaview Avenue,Seaview Ave,,Seaview,Avenue,,,,,,Seaview Avenue,Seaview Ave,Seaview
1795625,Addressing Road,Unknown,Road,Tilson Avenue,Tilson Ave,,Tilson,Avenue,,,,,,Tilson Avenue,Tilson Ave,Tilson
1795525,Addressing Road,Unknown,Road,Burts Road,Burts Rd,,Burts,Road,,,,,,Burts Road,Burts Rd,Burts
1795534,Addressing Road,Unknown,Road,Pā Road,Pā Rd,,Pā,Road,,,,,,Pa Road,Pa Rd,Pa
1795508,Addressing Road,Unknown,Road,Cape Palliser Road,Cape Palliser Rd,,Cape Palliser,Road,,,,,,Cape Palliser Road,Cape Palliser Rd,Cape Palliser
1795471,Addressing Road,Unknown,Road,Farrier Grove,Farrier Grv,,Farrier,Grove,,,,,,Farrier Grove,Farrier Grv,Farrier
1795524,Addressing Road,Unknown,Road,Buicks Road,Buicks Rd,,Buicks,Road,,,,,,Buicks Road,Buicks Rd,Buicks
1795529,Addressing Road,Unknown,Road,Duddings Line,Duddings Line,,Duddings,Line,,,,,,Duddings Line,Duddings Line,Duddings
1795550,Addressing Road,Unknown,Road,Lagoon Hill Road,Lagoon Hill Rd,,Lagoon Hill,Road,,,,,,Lagoon Hill Road,Lagoon Hill Rd,Lagoon Hill
1795548,Addressing Road,Unknown,Road,Lake Domain Road,Lake Domain Rd,,Lake Domain,Road,,,,,,Lake Domain Road,Lake Domain Rd,Lake Domain
1795573,Addressing Road,Unknown,Road,Ngakonui Road,Ngakonui Rd,,Ngakonui,Road,,,,,,Ngakonui Road,Ngakonui Rd,Ngakonui
1795660,Addressing Road,Unknown,Road,Hastwell Street,Hastwell St,,Hastwell,Street,,,,,,Hastwell Street,Hastwell St,Hastwell
1795624,Addressing Road,Unknown,Road,Tilsons Road,Tilsons Rd,,Tilsons,Road,,,,,,Tilsons Road,Tilsons Rd,Tilsons
1795641,Addressing Road,Unknown,Road,Wakelin Street,Wakelin St,,Wakelin,Street,,,,,,Wakelin Street,Wakelin St,Wakelin
1795652,Addressing Road,Unknown,Road,Horton Street,Horton St,,Horton,Street,,,,,,Horton Street,Horton St,Horton
1795688,Addressing Road,Unknown,Road,French Street,French St,,French,Street,,,,,,French Street,French St,French
1795501,Addressing Road,Unknown,Road,Wood Street,Wood St,,Wood,Street,,,,,,Wood Street,Wood St,Wood
1795639,Addressing Road,Unknown,Road,Mangatoetoe Grove,Mangatoetoe Grv,,Mangatoetoe,Grove,,,,,,Mangatoetoe Grove,Mangatoetoe Grv,Mangatoetoe
1795563,Addressing Road,Unknown,Road,Hawke Street,Hawke St,,Hawke,Street,,,,,,Hawke Street,Hawke St,Hawke
1791763,Addressing Road,Unknown,Road,Clara Anne Grove,Clara Anne Grv,,Clara Anne,Grove,,,,,,Clara Anne Grove,Clara Anne Grv,Clara Anne
3020372,Addressing Road,Unknown,Road,Ashbys Road,Ashbys Rd,,Ashbys,Road,,,,,,Ashbys Road,Ashbys Rd,Ashbys
1793375,Addressing Road,Unknown,Road,Ferry Road,Ferry Rd,,Ferry,Road,,,,,,Ferry Road,Ferry Rd,Ferry
1795682,Addressing Road,Unknown,Road,Daniel Street,Daniel St,,Daniel,Street,,,,,,Daniel Street,Daniel St,Daniel
1838917,Addressing Road,Unknown,Road,Campbell Drive,Campbell Dr,,Campbell,Drive,,,,,,Campbell Drive,Campbell Dr,Campbell
1839422,Addressing Road,Unknown,Road,Cherry Lane,Cherry Lane,,Cherry,Lane,,,,,,Cherry Lane,Cherry Lane,Cherry
1839460,Addressing Road,Unknown,Road,Settlement Road,Settlement Rd,,Settlement,Road,,,,,,Settlement Road,Settlement Rd,Settlement
1839999,Addressing Road,Unknown,Road,New York Street West,New York St W,,New York,Street,West,,,,,New York Street West,New York St W,New York
1840052,Addressing Road,Unknown,Road,Fairway Drive,Fairway Dr,,Fairway,Drive,,,,,,Fairway Drive,Fairway Dr,Fairway
1840054,Addressing Road,Unknown,Road,Birdie Way,Birdie Way,,Birdie,Way,,,,,,Birdie Way,Birdie Way,Birdie
1840263,Addressing Road,Unknown,Road,Homestead Lane,Homestead Lane,,Homestead,Lane,,,,,,Homestead Lane,Homestead Lane,Homestead
1840795,Addressing Road,Unknown,Road,McKerrow Place,McKerrow Pl,,McKerrow,Place,,,,,,McKerrow Place,McKerrow Pl,McKerrow
1840899,Addressing Road,Unknown,Road,Huia Way,Huia Way,,Huia,Way,,,,,,Huia Way,Huia Way,Huia
1841593,Addressing Road,Unknown,Road,Harvest Rise Road,Harvest Rise Rd,,Harvest Rise,Road,,,,,,Harvest Rise Road,Harvest Rise Rd,Harvest Rise
1795689,Addressing Road,Unknown,Road,Esther Street,Esther St,,Esther,Street,,,,,,Esther Street,Esther St,Esther
3081336,Addressing Road,Unknown,Road,Farley Avenue,Farley Ave,,Farley,Avenue,,,,,,Farley Avenue,Farley Ave,Farley
1795569,Addressing Road,Unknown,Road,Fenwicks Line,Fenwicks Line,,Fenwicks,Line,,,,,,Fenwicks Line,Fenwicks Line,Fenwicks
1795480,Addressing Road,Unknown,Road,Udy Street,Udy St,,Udy,Street,,,,,,Udy Street,Udy St,Udy
1795485,Addressing Road,Unknown,Road,Kenward Crescent,Kenward Cres,,Kenward,Crescent,,,,,,Kenward Crescent,Kenward Cres,Kenward
3016077,Addressing Road,Unknown,Road,Haurangi Road,Haurangi Rd,,Haurangi,Road,,,,,,Haurangi Road,Haurangi Rd,Haurangi
3021763,Addressing Road,Unknown,Road,Te Kouka Lane,Te Kouka Lane,,Te Kouka,Lane,,,,,,Te Kouka Lane,Te Kouka Lane,Te Kouka
1840204,Addressing Road,Unknown,Road,Cromarty Drive,Cromarty Dr,,Cromarty,Drive,,,,,,Cromarty Drive,Cromarty Dr,Cromarty
1795587,Addressing Road,Unknown,Road,Diversion Road,Diversion Rd,,Diversion,Road,,,,,,Diversion Road,Diversion Rd,Diversion
1795478,Addressing Road,Unknown,Road,Todds Road,Todds Rd,,Todds,Road,,,,,,Todds Road,Todds Rd,Todds
1795479,Addressing Road,Unknown,Road,Brandon Street,Brandon St,,Brandon,Street,,,,,,Brandon Street,Brandon St,Brandon
3001369,Addressing Road,Unknown,Road,Dalziel Road,Dalziel Rd,,Dalziel,Road,,,,,,Dalziel Road,Dalziel Rd,Dalziel
3076083,Addressing Road,Accessway,,,,,,,,,,,,,,
3007123,Addressing Road,Unknown,Road,East West Access Road,East West Accs Rd,,East West,Access Road,,,,,,East West Access Road,East West Accs Rd,East West
3017738,Addressing Road,Unknown,Road,Makakahi Road,Makakahi Rd,,Makakahi,Road,,,,,,Makakahi Road,Makakahi Rd,Makakahi
3066932,Addressing Road,Unknown,Road,Clay Creek Road,Clay Creek Rd,,Clay Creek,Road,,,,,,Clay Creek Road,Clay Creek Rd,Clay Creek
1793332,Addressing Road,Unknown,Road,Boundary Road,Boundary Rd,,Boundary,Road,,,,,,Boundary Road,Boundary Rd,Boundary
1795453,Addressing Road,Unknown,Road,Totara Grove,Totara Grv,,Totara,Grove,,,,,,Totara Grove,Totara Grv,Totara
1795465,Addressing Road,Unknown,Road,Murphys Line,Murphys Line,,Murphys,Line,,,,,,Murphys Line,Murphys Line,Murphys
1795473,Addressing Road,Unknown,Road,Hayward Street,Hayward St,,Hayward,Street,,,,,,Hayward Street,Hayward St,Hayward
1795476,Addressing Road,Unknown,Road,Reading Street,Reading St,,Reading,Street,,,,,,Reading Street,Reading St,Reading
1795627,Addressing Road,Unknown,Road,Rototawai Road,Rototawai Rd,,Rototawai,Road,,,,,,Rototawai Road,Rototawai Rd,Rototawai
1795541,Addressing Road,Unknown,Road,Humes Road,Humes Rd,,Humes,Road,,,,,,Humes Road,Humes Rd,Humes
1795542,Addressing Road,Unknown,Road,Te Hopai Road,Te Hopai Rd,,Te Hopai,Road,,,,,,Te Hopai Road,Te Hopai Rd,Te Hopai
1795546,Addressing Road,Unknown,Road,Te Rata Road,Te Rata Rd,,Te Rata,Road,,,,,,Te Rata Road,Te Rata Rd,Te Rata
1795561,Addressing Road,Unknown,Road,Birch Hill Road,Birch Hill Rd,,Birch Hill,Road,,,,,,Birch Hill Road,Birch Hill Rd,Birch Hill
1795598,Addressing Road,Unknown,Road,Georges Road,Georges Rd,,Georges,Road,,,,,,Georges Road,Georges Rd,Georges
1795608,Addressing Road,Unknown,Road,Summer Hill Road,Summer Hill Rd,,Summer Hill,Road,,,,,,Summer Hill Road,Summer Hill Rd,Summer Hill
1795609,Addressing Road,Unknown,Road,Harris Road North,Harris Rd N,,Harris,Road,North,,,,,Harris Road North,Harris Rd N,Harris
1795634,Addressing Road,Unknown,Road,Pouawha Road,Pouawha Rd,,Pouawha,Road,,,,,,Pouawha Road,Pouawha Rd,Pouawha
1795654,Addressing Road,Unknown,Road,Mahupuku Street,Mahupuku St,,Mahupuku,Street,,,,,,Mahupuku Street,Mahupuku St,Mahupuku
1795666,Addressing Road,Unknown,Road,Cologne Street,Cologne St,,Cologne,Street,,,,,,Cologne Street,Cologne St,Cologne
1795684,Addressing Road,Unknown,Road,Radium Street,Radium St,,Radium,Street,,,,,,Radium Street,Radium St,Radium
1795685,Addressing Road,Unknown,Road,Grey Street,Grey St,,Grey,Street,,,,,,Grey Street,Grey St,Grey
1795687,Addressing Road,Unknown,Road,Kansas Street,Kansas St,,Kansas,Street,,,,,,Kansas Street,Kansas St,Kansas
1800690,Addressing Road,Unknown,Road,Strasbourge Street,Strasbourge St,,Strasbourge,Street,,,,,,Strasbourge Street,Strasbourge St,Strasbourge
1801442,Addressing Road,Unknown,Road,Daniell Street,Daniell St,,Daniell,Street,,,,,,Daniell Street,Daniell St,Daniell
1801443,Addressing Road,Unknown,Road,Judds Road,Judds Rd,,Judds,Road,,,,,,Judds Road,Judds Rd,Judds
1795576,Addressing Road,Unknown,Road,Cundys Road,Cundys Rd,,Cundys,Road,,,,,,Cundys Road,Cundys Rd,Cundys
3082059,Addressing Road,Unknown,Road,Manukawiri Way,Manukawiri Way,,Manukawiri,Way,,,,,,Manukawiri Way,Manukawiri Way,Manukawiri
1793541,Addressing Road,Unknown,Road,Kemptons Line,Kemptons Line,,Kemptons,Line,,,,,,Kemptons Line,Kemptons Line,Kemptons
3073855,Addressing Road,Roadway,,,,,,,,,,,,,,
3073742,Addressing Road,Unknown,Road Designation,State Highway 2,SH 2,,,,,State Highway,2,,,State Highway 2,SH 2,
3074511,Addressing Road,Accessway,,,,,,,,,,,,,,
1792536,Addressing Road,Unknown,Road,Barlow Road,Barlow Rd,,Barlow,Road,,,,,,Barlow Road,Barlow Rd,Barlow
3079296,Addressing Road,Unknown,Road,Bey Lane,Bey Lane,,Bey,Lane,,,,,,Bey Lane,Bey Lane,Bey
1795669,Addressing Road,Unknown,Road,Broadway Street,Broadway St,,Broadway,Street,,,,,,Broadway Street,Broadway St,Broadway
1795454,Addressing Road,Unknown,Road,Woodward Street West,Woodward St W,,Woodward,Street,West,,,,,Woodward Street West,Woodward St W,Woodward
1793361,Addressing Road,Unknown,Road,East Street,East St,,East,Street,,,,,,East Street,East St,East
1795494,Addressing Road,Unknown,Road,Johnston Street,Johnston St,,Johnston,Street,,,,,,Johnston Street,Johnston St,Johnston
1795648,Addressing Road,Unknown,Road,Church Street,Church St,,Church,Street,,,,,,Church Street,Church St,Church
3081337,Addressing Road,Unknown,Road,Peony Drive,Peony Dr,,Peony,Drive,,,,,,Peony Drive,Peony Dr,Peony
1795392,Addressing Road,Unknown,Road,Ponatahi Road,Ponatahi Rd,,Ponatahi,Road,,,,,,Ponatahi Road,Ponatahi Rd,Ponatahi
1795656,Addressing Road,Unknown,Road,South Street,South St,,South,Street,,,,,,South Street,South St,South
3041666,Addressing Road,Unknown,Road,Bidwills Cutting Road,Bidwills Cutting Rd,,Bidwills Cutting,Road,,,,,,Bidwills Cutting Road,Bidwills Cutting Rd,Bidwills Cutting
3043395,Addressing Road,Unknown,Road,Kahutara Road,Kahutara Rd,,Kahutara,Road,,,,,,Kahutara Road,Kahutara Rd,Kahutara
3043440,Addressing Road,Unknown,Road,Ruakokoputuna Road,Ruakokoputuna Rd,,Ruakokoputuna,Road,,,,,,Ruakokoputuna Road,Ruakokoputuna Rd,Ruakokoputuna
3029205,Addressing Road,Unknown,Road,South Featherston Road,South Featherston Rd,,South Featherston,Road,,,,,,South Featherston Road,South Featherston Rd,South Featherston
3023167,Addressing Road,Unknown,Road,Phillips Line,Phillips Line,,Phillips,Line,,,,,,Phillips Line,Phillips Line,Phillips
1795469,Addressing Road,Unknown,Road,Nelsons Road,Nelsons Rd,,Nelsons,Road,,,,,,Nelsons Road,Nelsons Rd,Nelsons
3036706,Addressing Road,Unknown,Road,Underhill Road,Underhill Rd,,Underhill,Road,,,,,,Underhill Road,Underhill Rd,Underhill
1795653,Addressing Road,Unknown,Road,Hospital Road,Hospital Rd,,Hospital,Road,,,,,,Hospital Road,Hospital Rd,Hospital
1795668,Addressing Road,Unknown,Road,Jellicoe Street,Jellicoe St,,Jellicoe,Street,,,,,,Jellicoe Street,Jellicoe St,Jellicoe
1800671,Addressing Road,Unknown,Road,Bush Gully Road,Bush Gully Rd,,Bush Gully,Road,,,,,,Bush Gully Road,Bush Gully Rd,Bush Gully
3063182,Addressing Road,Unknown,Road,Range Road,Range Rd,,Range,Road,,,,,,Range Road,Range Rd,Range
1795537,Addressing Road,Unknown,Road,Pahaoa Road,Pahaoa Rd,,Pahaoa,Road,,,,,,Pahaoa Road,Pahaoa Rd,Pahaoa
1795596,Addressing Road,Unknown,Road,Glendhu Road,Glendhu Rd,,Glendhu,Road,,,,,,Glendhu Road,Glendhu Rd,Glendhu
3045384,Addressing Road,Unknown,Road,Boar Bush Gully Road,Boar Bush Gully Rd,,Boar Bush Gully,Road,,,,,,Boar Bush Gully Road,Boar Bush Gully Rd,Boar Bush Gully
1795470,Addressing Road,Unknown,Road,Moore Street,Moore St,,Moore,Street,,,,,,Moore Street,Moore St,Moore
3080708,Addressing Road,Unknown,Road,Ataahua Place,Ataahua Pl,,Ataahua,Place,,,,,,Ataahua Place,Ataahua Pl,Ataahua
1800687,Addressing Road,Unknown,Road,Railway Road,Railway Rd,,Railway,Road,,,,,,Railway Road,Railway Rd,Railway
1795543,Addressing Road,Unknown,Road,Te Miha Crescent,Te Miha Cres,,Te Miha,Crescent,,,,,,Te Miha Crescent,Te Miha Cres,Te Miha
3022761,Addressing Road,Unknown,Road,Te Muna Road,Te Muna Rd,,Te Muna,Road,,,,,,Te Muna Road,Te Muna Rd,Te Muna
3083613,Addressing Road,Unknown,Road,Kaitara Park Lane,Kaitara Park Lane,,Kaitara Park,Lane,,,,,,Kaitara Park Lane,Kaitara Park Lane,Kaitara Park
3083714,Addressing Road,Unknown,Road,Woodlands Way,Woodlands Way,,Woodlands,Way,,,,,,Woodlands Way,Woodlands Way,Woodlands
1795538,Addressing Road,Unknown,Road,Ahikouka Road,Ahikouka Rd,,Ahikouka,Road,,,,,,Ahikouka Road,Ahikouka Rd,Ahikouka
1795540,Addressing Road,Unknown,Road,Hupenui Road,Hupenui Rd,,Hupenui,Road,,,,,,Hupenui Road,Hupenui Rd,Hupenui
1795649,Addressing Road,Unknown,Road,McMaster Street,McMaster St,,McMaster,Street,,,,,,McMaster Street,McMaster St,McMaster
3076453,Addressing Road,Roadway,,,,,,,,,,,,,,
1841657,Addressing Road,Unknown,Road,Kelly's Stream Lane,Kelly's Stream Lane,,Kelly's Stream,Lane,,,,,,Kelly's Stream Lane,Kelly's Stream Lane,Kelly's Stream
3063415,Addressing Road,Unknown,Road,Ocean Beach Road,Ocean Beach Rd,,Ocean Beach,Road,,,,,,Ocean Beach Road,Ocean Beach Rd,Ocean Beach
1795507,Addressing Road,Unknown,Road,Cannock Road,Cannock Rd,,Cannock,Road,,,,,,Cannock Road,Cannock Rd,Cannock
1795535,Addressing Road,Unknown,Road,Paruwai Road,Paruwai Rd,,Paruwai,Road,,,,,,Paruwai Road,Paruwai Rd,Paruwai
3013166,Addressing Road,Unknown,Road,Whangaimoana Beach Road,Whangaimoana Beach Rd,,Whangaimoana Beach,Road,,,,,,Whangaimoana Beach Road,Whangaimoana Beach Rd,Whangaimoana Beach
1795549,Addressing Road,Unknown,Road,Lake Ferry Road,Lake Ferry Rd,,Lake Ferry,Road,,,,,,Lake Ferry Road,Lake Ferry Rd,Lake Ferry
3078953,Addressing Road,Unknown,Road,Black Knight Lane,Black Knight Lane,,Black Knight,Lane,,,,,,Black Knight Lane,Black Knight Lane,Black Knight
1799907,Addressing Road,Unknown,Road,Hawkins Drive,Hawkins Dr,,Hawkins,Drive,,,,,,Hawkins Drive,Hawkins Dr,Hawkins
1841006,Addressing Road,Unknown,Road,Gregs Lane,Gregs Lane,,Gregs,Lane,,,,,,Gregs Lane,Gregs Lane,Gregs
1841187,Addressing Road,Unknown,Road,Elmstead Lane,Elmstead Lane,,Elmstead,Lane,,,,,,Elmstead Lane,Elmstead Lane,Elmstead
3007797,Addressing Road,Unknown,Road,Dry River Road,Dry River Rd,,Dry River,Road,,,,,,Dry River Road,Dry River Rd,Dry River
3041463,Addressing Road,Unknown,Road,Revans Street,Revans St,,Revans,Street,,,,,,Revans Street,Revans St,Revans
3050751,Addressing Road,Unknown,Road,Kawau Lane,Kawau Lane,,Kawau,Lane,,,,,,Kawau Lane,Kawau Lane,Kawau
1795638,Addressing Road,Unknown,Road,Martins Road,Martins Rd,,Martins,Road,,,,,,Martins Road,Martins Rd,Martins
1800674,Addressing Road,Unknown,Road,Wainuioru Road,Wainuioru Rd,,Wainuioru,Road,,,,,,Wainuioru Road,Wainuioru Rd,Wainuioru
1800688,Addressing Road,Unknown,Road,Roberts Street,Roberts St,,Roberts,Street,,,,,,Roberts Street,Roberts St,Roberts
3065976,Addressing Road,Unknown,Road,Fabians Road,Fabians Rd,,Fabians,Road,,,,,,Fabians Road,Fabians Rd,Fabians
3077853,Addressing Road,Unknown,Road,Arnold Walk,Arnold Wlk,,Arnold,Walk,,,,,,Arnold Walk,Arnold Wlk,Arnold
3078788,Addressing Road,Unknown,Road,Flax Cutter Lane,Flax Cutter Lane,,Flax Cutter,Lane,,,,,,Flax Cutter Lane,Flax Cutter Lane,Flax Cutter
1795472,Addressing Road,Unknown,Road,North Street,North St,,North,Street,,,,,,North Street,North St,North
1793461,Addressing Road,Unknown,Road,Humphries Street,Humphries St,,Humphries,Street,,,,,,Humphries Street,Humphries St,Humphries
1795603,Addressing Road,Unknown,Road,Mahaki Road,Mahaki Rd,,Mahaki,Road,,,,,,Mahaki Road,Mahaki Rd,Mahaki
1795499,Addressing Road,Unknown,Road,West Street,West St,,West,Street,,,,,,West Street,West St,West
1800667,Addressing Road,Unknown,Road,Regent Street,Regent St,,Regent,Street,,,,,,Regent Street,Regent St,Regent
1800352,Addressing Road,Unknown,Road,Kuratawhiti Street,Kuratawhiti St,,Kuratawhiti,Street,,,,,,Kuratawhiti Street,Kuratawhiti St,Kuratawhiti
3081770,Addressing Road,Unknown,Road,Orion Way,Orion Way,,Orion,Way,,,,,,Orion Way,Orion Way,Orion
1795555,Addressing Road,Unknown,Road,Waiohine Valley Road,Waiohine Valley Rd,,Waiohine Valley,Road,,,,,,Waiohine Valley Road,Waiohine Valley Rd,Waiohine Valley
3081170,Addressing Road,Unknown,Road,Sinclair Way,Sinclair Way,,Sinclair,Way,,,,,,Sinclair Way,Sinclair Way,Sinclair
3082420,Addressing Road,Unknown,Road,Waihenga Lane,Waihenga Lane,,Waihenga,Lane,,,,,,Waihenga Lane,Waihenga Lane,Waihenga
1839462,Addressing Road,Unknown,Road,Ahearn Lane,Ahearn Lane,,Ahearn,Lane,,,,,,Ahearn Lane,Ahearn Lane,Ahearn
3082459,Addressing Road,Unknown,Road,Charles Robert Drive,Charles Robert Dr,,Charles Robert,Drive,,,,,,Charles Robert Drive,Charles Robert Dr,Charles Robert
1795662,Addressing Road,Unknown,Road,Balfour Street,Balfour St,,Balfour,Street,,,,,,Balfour Street,Balfour St,Balfour
3083146,Addressing Road,Unknown,Road,Community Green,Community Grn,,Community,Green,,,,,,Community Green,Community Grn,Community
1795464,Addressing Road,Unknown,Road,Manihera Street,Manihera St,,Manihera,Street,,,,,,Manihera Street,Manihera St,Manihera
1841549,Addressing Road,Unknown,Road,Vineyard Lane,Vineyard Lane,,Vineyard,Lane,,,,,,Vineyard Lane,Vineyard Lane,Vineyard
1795533,Addressing Road,Unknown,Road,Parera Road,Parera Rd,,Parera,Road,,,,,,Parera Road,Parera Rd,Parera
1800672,Addressing Road,Unknown,Road,Kumenga Road,Kumenga Rd,,Kumenga,Road,,,,,,Kumenga Road,Kumenga Rd,Kumenga
1800684,Addressing Road,Unknown,Road,Chishams Road,Chishams Rd,,Chishams,Road,,,,,,Chishams Road,Chishams Rd,Chishams
1800685,Addressing Road,Unknown,Road,Fraters Road,Fraters Rd,,Fraters,Road,,,,,,Fraters Road,Fraters Rd,Fraters
1795620,Addressing Road,Unknown,Road,Woodside Road,Woodside Rd,,Woodside,Road,,,,,,Woodside Road,Woodside Rd,Woodside
1793350,Addressing Road,Unknown,Road,Donald Street,Donald St,,Donald,Street,,,,,,Donald Street,Donald St,Donald
3068777,Addressing Road,Unknown,Road,Harris Road South,Harris Rd S,,Harris,Road,South,,,,,Harris Road South,Harris Rd S,Harris
1795566,Addressing Road,Unknown,Road,Hikawera Road,Hikawera Rd,,Hikawera,Road,,,,,,Hikawera Road,Hikawera Rd,Hikawera
1795571,Addressing Road,Unknown,Road,Moeraki Road,Moeraki Rd,,Moeraki,Road,,,,,,Moeraki Road,Moeraki Rd,Moeraki
1800666,Addressing Road,Unknown,Road,Papawai Road,Papawai Rd,,Papawai,Road,,,,,,Papawai Road,Papawai Rd,Papawai
3009440,Addressing Road,Unknown,Road,Tora Road,Tora Rd,,Tora,Road,,,,,,Tora Road,Tora Rd,Tora
1795665,Addressing Road,Unknown,Road,Cork Street,Cork St,,Cork,Street,,,,,,Cork Street,Cork St,Cork
1795671,Addressing Road,Unknown,Road,Texas Street,Texas St,,Texas,Street,,,,,,Texas Street,Texas St,Texas
1795681,Addressing Road,Unknown,Road,New York Street,New York St,,New York,Street,,,,,,New York Street,New York St,New York
3077559,Addressing Road,Unknown,Road,James Kidd Place,James Kidd Pl,,James Kidd,Place,,,,,,James Kidd Place,James Kidd Pl,James Kidd
1795680,Addressing Road,Unknown,Road,Naples Street,Naples St,,Naples,Street,,,,,,Naples Street,Naples St,Naples
3070502,Addressing Road,Unknown,Road,Borlase Road,Borlase Rd,,Borlase,Road,,,,,,Borlase Road,Borlase Rd,Borlase
1801444,Addressing Road,Unknown,Road,Princess Street,Princess St,,Princess,Street,,,,,,Princess Street,Princess St,Princess
3080682,Addressing Road,Unknown,Road,Matai Grove,Matai Grv,,Matai,Grove,,,,,,Matai Grove,Matai Grv,Matai
3080695,Addressing Road,Unknown,Road,Trinity Lane,Trinity Lane,,Trinity,Lane,,,,,,Trinity Lane,Trinity Lane,Trinity
3053894,Addressing Road,Unknown,Road,Main Street,Main St,,Main,Street,,,,,,Main Street,Main St,Main
1842793,Addressing Road,Unknown,Road,Arbor Place,Arbor Pl,,Arbor,Place,,,,,,Arbor Place,Arbor Pl,Arbor
3081687,Addressing Road,Unknown,Road,Wilson Way,Wilson Way,,Wilson,Way,,,,,,Wilson Way,Wilson Way,Wilson
1795496,Addressing Road,Unknown,Road,Watt Street,Watt St,,Watt,Street,,,,,,Watt Street,Watt St,Watt
3045152,Addressing Road,Unknown,Road,State Highway 2,SH 2,,State Highway 2,,,,,,,State Highway 2,SH 2,State Highway 2
1795633,Addressing Road,Unknown,Road,Bartons Road,Bartons Rd,,Bartons,Road,,,,,,Bartons Road,Bartons Rd,Bartons
3053271,Addressing Road,Unknown,Road,Western Lake Road,Western Lake Rd,,Western Lake,Road,,,,,,Western Lake Road,Western Lake Rd,Western Lake
1800675,Addressing Road,Unknown,Road,Bicknells Road,Bicknells Rd,,Bicknells,Road,,,,,,Bicknells Road,Bicknells Rd,Bicknells
1844134,Addressing Road,Unknown,Road,Burgundy Drive,Burgundy Dr,,Burgundy,Drive,,,,,,Burgundy Drive,Burgundy Dr,Burgundy
1795679,Addressing Road,Unknown,Road,Venice Street,Venice St,,Venice,Street,,,,,,Venice Street,Venice St,Venice
3083637,Addressing Road,Unknown,Road,George Hawkins Way,George Hawkins Way,,George Hawkins,Way,,,,,,George Hawkins Way,George Hawkins Way,George Hawkins
1795536,Addressing Road,Unknown,Road,Papatahi Road,Papatahi Rd,,Papatahi,Road,,,,,,Papatahi Road,Papatahi Rd,Papatahi
1795559,Addressing Road,Unknown,Road,Bidwills Road,Bidwills Rd,,Bidwills,Road,,,,,,Bidwills Road,Bidwills Rd,Bidwills
3083738,Addressing Road,Unknown,Road,Willow Lane,Willow Lane,,Willow,Lane,,,,,,Willow Lane,Willow Lane,Willow
1795456,Addressing Road,Unknown,Road,Fox Street,Fox St,,Fox,Street,,,,,,Fox Street,Fox St,Fox
1795461,Addressing Road,Unknown,Road,Churchill Crescent,Churchill Cres,,Churchill,Crescent,,,,,,Churchill Crescent,Churchill Cres,Churchill
1795463,Addressing Road,Unknown,Road,Hardie Grove,Hardie Grv,,Hardie,Grove,,,,,,Hardie Grove,Hardie Grv,Hardie
1795468,Addressing Road,Unknown,Road,Renall Street,Renall St,,Renall,Street,,,,,,Renall Street,Renall St,Renall
1795474,Addressing Road,Unknown,Road,Puruatanga Road,Puruatanga Rd,,Puruatanga,Road,,,,,,Puruatanga Road,Puruatanga Rd,Puruatanga
1795505,Addressing Road,Unknown,Road,Warrens Road,Warrens Rd,,Warrens,Road,,,,,,Warrens Road,Warrens Rd,Warrens
1795495,Addressing Road,Unknown,Road,Wallace Street,Wallace St,,Wallace,Street,,,,,,Wallace Street,Wallace St,Wallace
1795530,Addressing Road,Unknown,Road,East Street,East St,,East,Street,,,,,,East Street,East St,East
1795509,Addressing Road,Unknown,Road,Cape River Road,Cape River Rd,,Cape River,Road,,,,,,Cape River Road,Cape River Rd,Cape River
1795514,Addressing Road,Unknown,Road,Whakatomotomo Road,Whakatomotomo Rd,,Whakatomotomo,Road,,,,,,Whakatomotomo Road,Whakatomotomo Rd,Whakatomotomo
1795539,Addressing Road,Unknown,Road,Algies Road,Algies Rd,,Algies,Road,,,,,,Algies Road,Algies Rd,Algies
1795556,Addressing Road,Unknown,Road,Wairio Road,Wairio Rd,,Wairio,Road,,,,,,Wairio Road,Wairio Rd,Wairio
1795558,Addressing Road,Unknown,Road,Yeronga Road,Yeronga Rd,,Yeronga,Road,,,,,,Yeronga Road,Yeronga Rd,Yeronga
1795604,Addressing Road,Unknown,Road,Pukio East Road,Pukio East Rd,,Pukio East,Road,,,,,,Pukio East Road,Pukio East Rd,Pukio East
1795631,Addressing Road,Unknown,Road,Backwater Road,Backwater Rd,,Backwater,Road,,,,,,Backwater Road,Backwater Rd,Backwater
1795597,Addressing Road,Unknown,Road,George Street,George St,,George,Street,,,,,,George Street,George St,George
1795619,Addressing Road,Unknown,Road,Clarkes Road,Clarkes Rd,,Clarkes,Road,,,,,,Clarkes Road,Clarkes Rd,Clarkes
1795621,Addressing Road,Unknown,Road,William Street,William St,,William,Street,,,,,,William Street,William St,William
1795635,Addressing Road,Unknown,Road,Riverside Road,Riverside Rd,,Riverside,Road,,,,,,Riverside Road,Riverside Rd,Riverside
1795636,Addressing Road,Unknown,Road,River Street,River St,,River,Street,,,,,,River Street,River St,River
1795637,Addressing Road,Unknown,Road,Elgars Road,Elgars Rd,,Elgars,Road,,,,,,Elgars Road,Elgars Rd,Elgars
1795640,Addressing Road,Unknown,Road,Maramaramau Road,Maramaramau Rd,,Maramaramau,Road,,,,,,Maramaramau Road,Maramaramau Rd,Maramaramau
1795651,Addressing Road,Unknown,Road,Cotter Street,Cotter St,,Cotter,Street,,,,,,Cotter Street,Cotter St,Cotter
1795661,Addressing Road,Unknown,Road,Massey Street,Massey St,,Massey,Street,,,,,,Massey Street,Massey St,Massey
1795663,Addressing Road,Unknown,Road,Memorial Square,Memorial Sq,,Memorial,Square,,,,,,Memorial Square,Memorial Sq,Memorial
1795670,Addressing Road,Unknown,Road,Cambridge Road,Cambridge Rd,,Cambridge,Road,,,,,,Cambridge Road,Cambridge Rd,Cambridge
1800689,Addressing Road,Unknown,Road,Panama Street,Panama St,,Panama,Street,,,,,,Panama Street,Panama St,Panama
1795600,Addressing Road,Unknown,Road,Glendryneoch Road,Glendryneoch Rd,,Glendryneoch,Road,,,,,,Glendryneoch Road,Glendryneoch Rd,Glendryneoch
1841628,Addressing Road,Unknown,Road,Westwood Avenue,Westwood Ave,,Westwood,Avenue,,,,,,Westwood Avenue,Westwood Ave,Westwood
1795589,Addressing Road,Unknown,Road,McDougalls Road,McDougalls Rd,,McDougalls,Road,,,,,,McDougalls Road,McDougalls Rd,McDougalls
3046224,Addressing Road,Unknown,Road,Longbush Road,Longbush Rd,,Longbush,Road,,,,,,Longbush Road,Longbush Rd,Longbush
1793351,Addressing Road,Unknown,Road,Dublin Street,Dublin St,,Dublin,Street,,,,,,Dublin Street,Dublin St,Dublin
1795515,Addressing Road,Unknown,Road,Whareroto Road,Whareroto Rd,,Whareroto,Road,,,,,,Whareroto Road,Whareroto Rd,Whareroto
1795595,Addressing Road,Unknown,Road,Hinekura Road,Hinekura Rd,,Hinekura,Road,,,,,,Hinekura Road,Hinekura Rd,Hinekura
1795650,Addressing Road,Unknown,Road,Pierce Street,Pierce St,,Pierce,Street,,,,,,Pierce Street,Pierce St,Pierce
3081690,Addressing Road,Unknown,Road,Oates Place,Oates Pl,,Oates,Place,,,,,,Oates Place,Oates Pl,Oates
1795570,Addressing Road,Unknown,Road,Moiki Road,Moiki Rd,,Moiki,Road,,,,,,Moiki Road,Moiki Rd,Moiki
3082147,Addressing Road,Unknown,Road,Syrah Lane,Syrah Lane,,Syrah,Lane,,,,,,Syrah Lane,Syrah Lane,Syrah
1839447,Addressing Road,Unknown,Road,Sutherland Drive,Sutherland Dr,,Sutherland,Drive,,,,,,Sutherland Drive,Sutherland Dr,Sutherland
3082595,Addressing Road,Unknown,Road,Cotterville Crescent,Cotterville Cres,,Cotterville,Crescent,,,,,,Cotterville Crescent,Cotterville Cres,Cotterville
1793383,Addressing Road,Unknown,Road,Harrison Street East,Harrison St E,,Harrison,Street,East,,,,,Harrison Street East,Harrison St E,Harrison
